{"tfjsVersion":"1.7.4","tmVersion":"0.8.6","packageVersion":"0.8.6","packageName":"@teachablemachine/pose","timeStamp":"2025-03-13T19:21:49.334Z","userMetadata":{},"modelName":"nnnjndjndjndjndjdndjnrjngj","labels":["Nemrut Dağı","Pamukkale Travertenleri","Göbekli Tepe","Efes Antik Kenti","Peri Bacaları","Ayasofya Cami","Galata Kulesi","Kız Kulesi","Cennet Cehennem Mağaraları","Aspendos Antik Tiyatrosu","Noel Baba Kilisesi","Taşköprü","Ani Harabeleri","Ağrı Dağı","Hattuşaş Antik Kenti","Sümela Manastırı"],"modelSettings":{"posenet":{"architecture":"MobileNetV1","outputStride":16,"inputResolution":257,"multiplier":0.75}}}